{
  "test/integration/MainJourney.js": 1661758250599,
  "test/integration/AllJourneys.js": 1661758250575,
  "manifest.json": 1661930694509,
  "Invoices.json": 1661921615651,
  "test/unit/model/formatter.js": 1661924371801,
  "test/integration/pages/Main.js": 1661758250635,
  "test/integration/pages/App.js": 1661924805366,
  "test/integration/arrangements/Startup.js": 1661758250583,
  "test/unit/unitTests.qunit.js": 1661924443753,
  "test/integration/opaTests.qunit.js": 1661924893486,
  "test/integration/NavigationJourney.js": 1661924772022,
  "i18n/i18n.properties": 1661933113943,
  "localService/mockdata/Invoices.json": 1661923984541,
  "test/testsuite.qunit.js": 1661758250003,
  "test/initMockServer.js": 1661923942701,
  "model/models.js": 1661758250563,
  "model/formatter.js": 1661922037272,
  "localService/mockserver.js": 1661924051465,
  "controller/InvoiceList.controller.js": 1661932403870,
  "controller/HelloPanel.controller.js": 1661932354110,
  "controller/HelloDialog.js": 1661931560574,
  "controller/HelloDialog.controller.js": 1661932807711,
  "controller/Detail.controller.js": 1661932326782,
  "controller/BaseController.js": 1661758250539,
  "controller/App.controller.js": 1661932289382,
  "control/ProductRating.js": 1661928632460,
  "index.js": 1661761695904,
  "Component.js": 1661933594311,
  "manifest-bundle.zip": 1661941436005,
  "Component-preload.js": 1661941436554,
  "controller/HelloDialog-dbg.js": 1661931560574,
  "test/integration/pages/Main-dbg.js": 1661758250635,
  "test/integration/pages/App-dbg.js": 1661924805366,
  "test/integration/arrangements/Startup-dbg.js": 1661758250583,
  "test/unit/unitTests.qunit-dbg.js": 1661924443753,
  "test/integration/opaTests.qunit-dbg.js": 1661924893486,
  "test/integration/NavigationJourney-dbg.js": 1661924772022,
  "test/integration/MainJourney-dbg.js": 1661758250599,
  "test/integration/AllJourneys-dbg.js": 1661758250575,
  "model/models-dbg.js": 1661758250563,
  "model/formatter-dbg.js": 1661922037272,
  "test/testsuite.qunit-dbg.js": 1661758250003,
  "test/initMockServer-dbg.js": 1661923942701,
  "controller/InvoiceList-dbg.controller.js": 1661932403870,
  "controller/HelloPanel-dbg.controller.js": 1661932354110,
  "test/unit/model/formatter-dbg.js": 1661924371801,
  "controller/HelloDialog-dbg.controller.js": 1661932807711,
  "controller/Detail-dbg.controller.js": 1661932326782,
  "controller/BaseController-dbg.js": 1661758250539,
  "controller/App-dbg.controller.js": 1661932289382,
  "localService/mockserver-dbg.js": 1661924051465,
  "control/ProductRating-dbg.js": 1661928632460,
  "index-dbg.js": 1661761695904,
  "Component-dbg.js": 1661933594311,
  "test/unit/unitTests.qunit.html": 1661924412613,
  "test/integration/opaTests.qunit.html": 1661924863422,
  "view/Overview.view.xml": 1661932923671,
  "view/InvoiceList.view.xml": 1661933025223,
  "view/HelloPanel.view.xml": 1661933073495,
  "view/HelloDialog.fragment.xml": 1661921577515,
  "view/Detail.view.xml": 1661932603674,
  "view/App.view.xml": 1661927891828,
  "test/testsuite.qunit.html": 1661758091803,
  "test/mockServer.html": 1661923911429,
  "test/flpSandbox.html": 1661758091799,
  "localService/metadata.xml": 1661924024645,
  "css/style.css": 1661928831408,
  "index.html": 1661770018855
}